file,freq,block,rows,symbols,err_cols,sec,status
MKT_A_DE-01.xlsx,A,DE-01,14679,96,961,1.3,OK
MKT_A_DE-02.xlsx,A,DE-02,10005,77,1273,1.3,OK
MKT_A_DE-03.xlsx,A,DE-03,13665,83,1241,1.0,OK
MKT_A_DE-04.xlsx,A,DE-04,8214,67,1421,0.9,OK
MKT_A_DE-05.xlsx,A,DE-05,6875,54,1591,0.8,OK
MKT_A_DE-06.xlsx,A,DE-06,19825,96,963,1.6,OK
MKT_A_DE-07.xlsx,A,DE-07,24350,109,762,2.0,OK
MKT_A_DE-08.xlsx,A,DE-08,22829,105,837,1.4,OK
MKT_A_DE-09.xlsx,A,DE-09,21735,100,901,1.4,OK
MKT_A_DE-10.xlsx,A,DE-10,25499,115,643,1.5,OK
MKT_A_DE-11.xlsx,A,DE-11,23471,109,736,1.5,OK
MKT_A_DE-12.xlsx,A,DE-12,22964,106,814,1.5,OK
MKT_A_DE-13.xlsx,A,DE-13,23965,114,697,1.6,OK
MKT_A_DE-14.xlsx,A,DE-14,24934,106,779,2.6,OK
MKT_A_DE-15.xlsx,A,DE-15,23855,113,685,1.9,OK
MKT_A_DE-16.xlsx,A,DE-16,6900,35,412,0.5,OK
MKT_A_ES-01.xlsx,A,ES-01,33745,108,763,1.5,OK
MKT_A_ES-02.xlsx,A,ES-02,30620,99,962,1.3,OK
MKT_A_ES-03.xlsx,A,ES-03,32891,133,501,1.7,OK
MKT_A_ES-04.xlsx,A,ES-04,30816,136,412,1.8,OK
MKT_A_ES-05.xlsx,A,ES-05,25208,129,523,1.7,OK
MKT_A_ES-06.xlsx,A,ES-06,29789,132,441,2.2,OK
MKT_A_ES-07.xlsx,A,ES-07,22993,122,254,2.0,OK
MKT_A_FR-01.xlsx,A,FR-01,10457,72,1445,0.9,OK
MKT_A_FR-02.xlsx,A,FR-02,3825,26,2058,0.4,OK
MKT_A_FR-03.xlsx,A,FR-03,1373,15,2193,0.2,OK
MKT_A_FR-04.xlsx,A,FR-04,1056,6,2305,0.1,OK
MKT_A_FR-05.xlsx,A,FR-05,29156,131,400,1.8,OK
MKT_A_FR-06.xlsx,A,FR-06,28753,144,214,2.8,OK
MKT_A_FR-07.xlsx,A,FR-07,20843,104,868,1.4,OK
MKT_A_FR-08.xlsx,A,FR-08,22615,110,827,1.6,OK
MKT_A_FR-09.xlsx,A,FR-09,20537,116,730,2.1,OK
MKT_A_FR-10.xlsx,A,FR-10,24934,118,637,1.8,OK
MKT_A_FR-11.xlsx,A,FR-11,20903,106,855,1.4,OK
MKT_A_FR-12.xlsx,A,FR-12,20166,120,625,1.7,OK
MKT_A_FR-13.xlsx,A,FR-13,24128,114,692,1.7,OK
MKT_A_FR-14.xlsx,A,FR-14,14637,88,1102,1.3,OK
MKT_A_FR-15.xlsx,A,FR-15,9092,64,1452,1.0,OK
MKT_A_FR-16.xlsx,A,FR-16,20416,120,626,1.8,OK
MKT_A_FR-17.xlsx,A,FR-17,22887,112,689,2.3,OK
MKT_A_FR-18.xlsx,A,FR-18,20450,105,844,2.5,OK
MKT_A_FR-19.xlsx,A,FR-19,22156,110,784,1.5,OK
MKT_A_FR-20.xlsx,A,FR-20,8600,42,274,0.6,OK
MKT_A_IT-01.xlsx,A,IT-01,12711,79,1220,1.2,OK
MKT_A_IT-02.xlsx,A,IT-02,15904,82,1153,1.2,OK
MKT_A_IT-03.xlsx,A,IT-03,25162,127,582,1.7,OK
MKT_A_IT-04.xlsx,A,IT-04,22927,134,320,2.2,OK
MKT_A_IT-05.xlsx,A,IT-05,20490,128,435,2.5,OK
MKT_A_IT-06.xlsx,A,IT-06,26136,143,217,2.1,OK
MKT_A_IT-07.xlsx,A,IT-07,22554,129,424,1.9,OK
MKT_A_IT-08.xlsx,A,IT-08,23256,141,231,2.1,OK
MKT_A_IT-09.xlsx,A,IT-09,12488,70,315,1.0,OK
MKT_M_DE-01.xlsx,M,DE-01,171420,92,805,3.7,OK
MKT_M_DE-02.xlsx,M,DE-02,242949,145,415,5.0,OK
MKT_M_DE-03.xlsx,M,DE-03,48715,35,1331,0.7,OK
MKT_M_DE-04.xlsx,M,DE-04,326003,91,1533,5.3,OK
MKT_M_DE-05.xlsx,M,DE-05,249141,129,442,6.0,OK
MKT_M_DE-06.xlsx,M,DE-06,232936,130,351,4.6,OK
MKT_M_DE-07.xlsx,M,DE-07,277407,136,282,5.9,OK
MKT_M_DE-08.xlsx,M,DE-08,287073,142,215,5.1,OK
MKT_M_DE-09.xlsx,M,DE-09,282457,137,276,6.4,OK
MKT_M_DE-10.xlsx,M,DE-10,286543,135,264,5.4,OK
MKT_M_DE-11.xlsx,M,DE-11,294120,136,279,4.9,OK
MKT_M_DE-12.xlsx,M,DE-12,274955,134,307,6.2,OK
MKT_M_DE-13.xlsx,M,DE-13,277082,140,258,5.0,OK
MKT_M_DE-14.xlsx,M,DE-14,267603,133,316,5.6,OK
MKT_M_DE-15.xlsx,M,DE-15,264251,132,305,5.4,OK
MKT_M_DE-16.xlsx,M,DE-16,100614,50,145,1.6,OK
MKT_M_ES-01.xlsx,M,ES-01,128850,124,1039,1.7,OK
MKT_M_ES-02.xlsx,M,ES-02,179217,137,915,3.2,OK
MKT_M_ES-03.xlsx,M,ES-03,205801,145,545,3.6,OK
MKT_M_ES-04.xlsx,M,ES-04,231976,144,389,4.2,OK
MKT_M_ES-05.xlsx,M,ES-05,175959,143,418,5.7,OK
MKT_M_ES-06.xlsx,M,ES-06,209953,144,450,4.0,OK
MKT_M_ES-07.xlsx,M,ES-07,169236,122,340,3.5,OK
MKT_M_FR-01.xlsx,M,FR-01,226348,120,688,4.0,OK
MKT_M_FR-02.xlsx,M,FR-02,341063,146,440,4.9,OK
MKT_M_FR-03.xlsx,M,FR-03,361236,146,389,4.3,OK
MKT_M_FR-04.xlsx,M,FR-04,358470,145,434,5.3,OK
MKT_M_FR-05.xlsx,M,FR-05,297872,150,110,6.8,OK
MKT_M_FR-06.xlsx,M,FR-06,255784,148,132,6.5,OK
MKT_M_FR-07.xlsx,M,FR-07,300414,139,274,4.6,OK
MKT_M_FR-08.xlsx,M,FR-08,359709,149,192,6.6,OK
MKT_M_FR-09.xlsx,M,FR-09,366306,148,182,4.9,OK
MKT_M_FR-10.xlsx,M,FR-10,330608,141,214,5.4,OK
MKT_M_FR-11.xlsx,M,FR-11,358764,147,207,6.1,OK
MKT_M_FR-12.xlsx,M,FR-12,313819,143,205,5.6,OK
MKT_M_FR-13.xlsx,M,FR-13,335917,147,195,5.9,OK
MKT_M_FR-14.xlsx,M,FR-14,246943,146,283,5.5,OK
MKT_M_FR-15.xlsx,M,FR-15,237771,150,253,5.9,OK
MKT_M_FR-16.xlsx,M,FR-16,327582,150,163,5.1,OK
MKT_M_FR-17.xlsx,M,FR-17,344562,141,234,6.3,OK
MKT_M_FR-18.xlsx,M,FR-18,350844,149,172,5.3,OK
MKT_M_FR-19.xlsx,M,FR-19,337530,146,195,6.3,OK
MKT_M_FR-20.xlsx,M,FR-20,114315,56,66,1.9,OK
MKT_M_IT-01.xlsx,M,IT-01,182119,118,864,3.4,OK
MKT_M_IT-02.xlsx,M,IT-02,294545,141,348,5.5,OK
MKT_M_IT-03.xlsx,M,IT-03,334824,149,157,5.9,OK
MKT_M_IT-04.xlsx,M,IT-04,244545,148,136,7.5,OK
MKT_M_IT-05.xlsx,M,IT-05,243296,148,161,5.7,OK
MKT_M_IT-06.xlsx,M,IT-06,265976,150,99,6.2,OK
MKT_M_IT-07.xlsx,M,IT-07,265024,148,135,6.5,OK
MKT_M_IT-08.xlsx,M,IT-08,280127,148,122,6.5,OK
MKT_M_IT-09.xlsx,M,IT-09,139503,83,127,2.9,OK
MKT_W_DE-01.xlsx,W,DE-01,98008,77,73,1.0,OK
MKT_W_DE-02.xlsx,W,DE-02,141684,125,25,1.6,OK
MKT_W_DE-03.xlsx,W,DE-03,24685,17,133,0.3,OK
MKT_W_DE-04.xlsx,W,DE-04,107415,88,62,1.2,OK
MKT_W_DE-05.xlsx,W,DE-05,149407,128,22,1.6,OK
MKT_W_DE-06.xlsx,W,DE-06,125103,126,24,1.7,OK
MKT_W_DE-07.xlsx,W,DE-07,148248,131,19,2.8,OK
MKT_W_DE-08.xlsx,W,DE-08,156175,141,9,2.6,OK
MKT_W_DE-09.xlsx,W,DE-09,152565,134,16,1.8,OK
MKT_W_DE-10.xlsx,W,DE-10,153264,131,19,1.7,OK
MKT_W_DE-11.xlsx,W,DE-11,159645,133,17,1.7,OK
MKT_W_DE-12.xlsx,W,DE-12,147085,128,22,1.7,OK
MKT_W_DE-13.xlsx,W,DE-13,148237,133,17,2.9,OK
MKT_W_DE-14.xlsx,W,DE-14,142533,129,21,1.7,OK
MKT_W_DE-15.xlsx,W,DE-15,141739,127,23,1.7,OK
MKT_W_DE-16.xlsx,W,DE-16,55638,49,10,0.6,OK
MKT_W_ES-01.xlsx,W,ES-01,55246,36,114,0.5,OK
MKT_W_ES-02.xlsx,W,ES-02,80240,54,96,0.7,OK
MKT_W_ES-03.xlsx,W,ES-03,92352,94,56,1.2,OK
MKT_W_ES-04.xlsx,W,ES-04,114598,119,31,1.6,OK
MKT_W_ES-05.xlsx,W,ES-05,89693,122,28,1.6,OK
MKT_W_ES-06.xlsx,W,ES-06,99977,108,42,2.2,OK
MKT_W_ES-07.xlsx,W,ES-07,86160,101,26,1.6,OK
MKT_W_FR-01.xlsx,W,FR-01,129340,91,59,1.2,OK
MKT_W_FR-02.xlsx,W,FR-02,208356,137,13,1.7,OK
MKT_W_FR-03.xlsx,W,FR-03,223542,145,5,2.6,OK
MKT_W_FR-04.xlsx,W,FR-04,224332,144,6,1.9,OK
MKT_W_FR-05.xlsx,W,FR-05,158739,148,2,2.0,OK
MKT_W_FR-06.xlsx,W,FR-06,136214,148,2,2.8,OK
MKT_W_FR-07.xlsx,W,FR-07,167174,137,13,1.8,OK
MKT_W_FR-08.xlsx,W,FR-08,200889,146,4,1.9,OK
MKT_W_FR-09.xlsx,W,FR-09,205856,148,2,1.9,OK
MKT_W_FR-10.xlsx,W,FR-10,179477,140,10,1.8,OK
MKT_W_FR-11.xlsx,W,FR-11,199254,144,6,1.9,OK
MKT_W_FR-12.xlsx,W,FR-12,175601,143,7,2.9,OK
MKT_W_FR-13.xlsx,W,FR-13,183743,146,4,2.0,OK
MKT_W_FR-14.xlsx,W,FR-14,138989,143,7,1.9,OK
MKT_W_FR-15.xlsx,W,FR-15,138435,150,0,2.0,OK
MKT_W_FR-16.xlsx,W,FR-16,182967,147,3,2.8,OK
MKT_W_FR-17.xlsx,W,FR-17,190402,140,10,2.3,OK
MKT_W_FR-18.xlsx,W,FR-18,195866,147,3,2.7,OK
MKT_W_FR-19.xlsx,W,FR-19,186575,144,6,1.8,OK
MKT_W_FR-20.xlsx,W,FR-20,61905,55,2,0.8,OK
MKT_W_IT-01.xlsx,W,IT-01,106038,69,81,0.9,OK
MKT_W_IT-02.xlsx,W,IT-02,169786,136,14,1.8,OK
MKT_W_IT-03.xlsx,W,IT-03,183372,146,4,2.0,OK
MKT_W_IT-04.xlsx,W,IT-04,131563,148,2,2.1,OK
MKT_W_IT-05.xlsx,W,IT-05,134443,148,2,3.0,OK
MKT_W_IT-06.xlsx,W,IT-06,140263,149,1,2.0,OK
MKT_W_IT-07.xlsx,W,IT-07,146285,148,2,2.1,OK
MKT_W_IT-08.xlsx,W,IT-08,153513,150,0,2.0,OK
MKT_W_IT-09.xlsx,W,IT-09,76686,82,4,1.1,OK
